date	Numéro 1	Numéro 2	Numéro 3	Numéro 4	Numéro 5	Etoile 1	Etoile 2
25/08/2026	8	16	30	47	48	4	9
21/08/2026	10	14	15	19	45	4	12
18/08/2026	3	9	38	40	50	6	10
14/08/2026	5	29	39	48	49	4	8
11/08/2026	3	11	17	46	48	1	2
07/08/2026	26	29	35	38	47	1	2
04/08/2026	25	30	34	46	50	1	12
31/07/2026	10	24	25	31	45	4	5
28/07/2026	5	7	24	30	49	10	11
24/07/2026	8	10	30	36	47	1	4
21/07/2026	2	3	8	28	39	2	11
17/07/2026	12	21	23	34	40	9	10
14/07/2026	10	19	37	42	47	9	12
10/07/2026	2	14	28	33	48	8	10
07/07/2026	5	29	33	45	47	5	8
03/07/2026	2	12	17	25	39	1	2
30/06/2026	1	8	37	44	48	2	6
26/06/2026	6	16	26	34	35	11	12
23/06/2026	3	33	36	45	46	5	6
19/06/2026	8	34	39	41	42	2	7
16/06/2026	18	25	31	37	45	4	9
12/06/2026	4	7	14	22	23	1	7
09/06/2026	2	7	23	44	46	3	5
05/06/2026	5	6	16	17	49	2	12
02/06/2026	6	9	17	18	42	7	9
29/05/2026	5	14	18	31	35	2	12
26/05/2026	6	23	25	35	37	6	12
22/05/2026	6	22	26	31	37	5	8
19/05/2026	2	12	20	38	45	2	5
15/05/2026	3	10	38	41	43	2	9
12/05/2026	4	26	32	35	36	5	7
08/05/2026	2	17	19	34	37	8	11
05/05/2026	3	4	8	20	31	6	8
01/05/2026	3	9	42	46	47	1	11
28/04/2026	26	29	41	46	47	8	9
24/04/2026	25	26	30	40	45	1	5
21/04/2026	13	16	29	40	47	3	4
17/04/2026	22	23	28	41	47	6	8
14/04/2026	1	2	4	28	44	5	12
10/04/2026	10	13	14	38	41	6	9
07/04/2026	11	14	19	36	49	6	7
03/04/2026	8	27	29	46	49	2	10
31/03/2026	5	8	10	33	38	2	7
27/03/2026	4	10	43	44	48	2	4
24/03/2026	12	16	17	18	27	1	3
20/03/2026	5	12	16	37	46	8	10
17/03/2026	5	17	28	33	41	3	9
13/03/2026	13	17	26	41	48	4	10
10/03/2026	12	14	27	44	50	4	12
06/03/2026	15	16	19	28	37	6	9
03/03/2026	6	7	24	34	50	5	7
27/02/2026	14	24	27	39	42	6	10
24/02/2026	10	27	40	43	47	6	10
20/02/2026	13	24	28	33	35	5	9
17/02/2026	1	4	6	10	41	5	12
13/02/2026	9	13	31	37	40	6	9
10/02/2026	1	17	19	34	42	5	8
06/02/2026	10	13	20	23	24	6	11
03/02/2026	26	27	28	34	37	4	9
30/01/2026	14	18	31	35	46	7	11
27/01/2026	4	23	42	43	47	3	9
23/01/2026	4	5	13	21	42	3	10
20/01/2026	11	18	19	22	50	1	11
16/01/2026	5	17	24	29	50	5	10
13/01/2026	6	10	18	44	47	2	10
09/01/2026	1	7	10	26	34	2	4
06/01/2026	5	14	17	18	31	10	12
02/01/2026	8	27	42	44	46	1	10
30/12/2025	11	26	29	34	44	1	10
26/12/2025	12	22	32	36	48	3	4
23/12/2025	8	26	27	29	44	11	12
19/12/2025	17	21	39	43	44	1	11
16/12/2025	14	16	40	41	44	2	10
12/12/2025	7	25	30	37	41	5	11
09/12/2025	2	8	13	29	49	2	11
05/12/2025	9	15	25	34	46	8	12
02/12/2025	4	13	14	20	41	6	12
28/11/2025	5	29	33	39	42	3	9
25/11/2025	6	11	17	35	44	3	7
21/11/2025	17	19	29	35	48	5	9
18/11/2025	2	4	15	21	48	6	12
14/11/2025	9	26	27	45	48	8	9
11/11/2025	4	22	32	36	47	2	10
07/11/2025	11	21	39	40	43	2	8
04/11/2025	6	9	25	28	45	1	4
31/10/2025	5	14	38	43	45	7	11
28/10/2025	7	8	24	35	49	2	12
24/10/2025	7	8	25	31	45	7	12
21/10/2025	5	24	29	40	42	6	12
17/10/2025	13	35	39	44	47	3	5
14/10/2025	5	8	14	16	18	3	10
10/10/2025	6	7	17	20	21	1	10
07/10/2025	24	39	42	43	48	5	8
03/10/2025	6	12	18	25	41	2	6
30/09/2025	3	8	15	17	48	2	8
26/09/2025	4	17	25	28	44	5	11
23/09/2025	11	13	24	29	33	2	5
19/09/2025	8	10	26	32	42	9	12
16/09/2025	1	9	13	35	40	5	6
12/09/2025	5	10	23	31	37	3	11
09/09/2025	3	13	24	39	40	2	8
05/09/2025	27	30	31	41	43	5	8
02/09/2025	13	30	31	32	36	1	12
29/08/2025	6	9	10	13	37	1	7
26/08/2025	2	14	38	42	45	10	11
22/08/2025	6	9	12	30	39	4	10
19/08/2025	24	31	34	41	43	6	8
15/08/2025	13	30	35	36	40	2	6
12/08/2025	18	28	42	46	48	3	9
08/08/2025	2	12	19	34	44	6	10
05/08/2025	1	3	5	42	47	5	10
01/08/2025	4	16	25	29	30	2	10
29/07/2025	5	6	42	44	46	4	8
25/07/2025	6	7	23	32	36	11	12
22/07/2025	8	15	26	33	41	9	10
18/07/2025	13	19	25	42	45	2	9
15/07/2025	24	38	41	45	49	1	6
11/07/2025	8	23	24	45	49	2	10
08/07/2025	1	8	9	18	50	1	5
04/07/2025	19	29	42	45	48	5	7
01/07/2025	1	17	28	32	34	7	8
27/06/2025	19	27	36	45	49	7	10
24/06/2025	7	16	21	23	39	7	11
20/06/2025	5	8	24	37	47	3	9
17/06/2025	13	22	23	44	49	3	5
13/06/2025	2	28	40	43	45	3	7
10/06/2025	19	36	39	40	45	5	6
06/06/2025	20	21	29	30	35	2	12
03/06/2025	12	15	38	47	48	5	7
30/05/2025	4	7	14	33	36	1	5
27/05/2025	12	30	38	40	41	4	12
23/05/2025	10	29	43	46	49	7	12
20/05/2025	1	8	13	29	47	5	6
16/05/2025	6	9	25	37	46	6	12
13/05/2025	9	19	44	47	50	2	9
09/05/2025	15	18	25	29	47	5	9
06/05/2025	8	23	24	47	48	4	9
02/05/2025	3	5	19	21	49	1	10
29/04/2025	2	9	24	30	41	1	11
25/04/2025	13	22	32	39	41	1	12
22/04/2025	7	28	33	37	47	9	12
18/04/2025	20	27	35	39	48	3	8
15/04/2025	3	31	33	38	44	6	12
11/04/2025	14	28	34	46	49	3	8
08/04/2025	3	14	15	48	49	1	7
04/04/2025	27	39	41	45	50	5	7
01/04/2025	9	24	30	46	49	4	12
28/03/2025	10	21	30	42	45	1	9
25/03/2025	1	3	18	33	36	2	6
21/03/2025	9	17	18	21	50	5	12
18/03/2025	4	9	35	46	50	8	11
14/03/2025	8	10	33	35	49	2	9
11/03/2025	13	36	37	42	47	7	11
07/03/2025	6	10	27	32	48	3	8
04/03/2025	15	20	29	35	42	2	9
28/02/2025	7	16	31	43	46	5	9
25/02/2025	17	22	23	24	44	6	11
21/02/2025	1	3	11	20	43	2	11
18/02/2025	5	14	25	26	40	5	7
14/02/2025	4	14	31	36	38	3	10
11/02/2025	3	21	36	41	46	1	6
07/02/2025	10	23	24	29	45	8	10
04/02/2025	3	4	29	39	43	5	10
31/01/2025	22	30	41	44	49	2	7
28/01/2025	9	37	41	42	49	1	9
24/01/2025	2	11	19	30	49	3	8
21/01/2025	6	8	14	27	41	4	5
17/01/2025	8	15	24	35	42	6	8
14/01/2025	18	20	29	41	48	5	9
10/01/2025	12	27	36	37	42	6	7
07/01/2025	20	33	35	41	47	4	12
03/01/2025	3	19	29	35	37	1	9
